Video Id,Views,Likes,Comments,Duration,Title
iEiov_7R3Zw,13,1,0,1M27S,Hello Crystals!! Rating my roblox friends avatars !!! ❤️💜♥️✨💟🖤| ITZ_CRYSTAL_GLOW | #itz_crystal_glow
4JzrIrunynU,9,9,0,16S,Hello ! guys pls share this video and look this beautiful view and  enjoy this moment.
RDcV6X-56F0,293,2,0,30S,hello friends aaj tak aap logon ne aisa video Nahin Dekha hoga तो जल्दी से टच करके देखिए
ieSv_riEuv0,38,8,1,1M57S,Hello everyone I am your new youtuber RanjanaJaybhaye.ok so now that over new video of one childsong
EVXuaBQGXd0,21,10,3,2M,I M BACK - &quot;HELLO &quot;😈
3-fjupLAYME,8,1,0,1M53S,Hello friend like the video and subscribe Kare please.........
wH4Gjqujeo0,20,5,0,1M9S,so hello lo all friends 🥰🥰kasa ho aopp logo so my new video kasa laga so haha laga to like karna
tcTsNO1L4cw,124,0,0,8M17S,Creating First Program ( Hello World ) in PYTHON | PYTHON PROGRAMMING LANGUAGE | MR SQUARE V0054
JwZnMIa69jU,191,14,3,30S,👉🎶Neu NoTon hello Ton video https://www.instagram.com/
cF53g0bZMcA,11,3,0,8M41S,Hello
lz0QmkloagM,45,11,0,9S,Hello bebi kaisi ho 😀 😃😀 #shorts #ytshorts #trending #viralvideo #funny #yotubeshorts
G36Vuqw1DHU,5,2,0,31S,riyaz aly @ hello kaon 🎈🎈hello hum bola 🎈🎐🏅instagram reel @ short#🎈🎈
oqyx_CWXLxQ,15,4,18,4M47S,Hello @blackbaap
4X7L-Q6im_o,22,4,0,18S,Hello bhai please like Channel Subscribe to
LR-OUkFFSm4,77,6,3,3M8S,truth or dare Instagram live | gauravch2 ne diya Amit sobti ko hello guys I am sunny😂 pratik alpita
